opinion,reviewer,verified_buyer,rating,model
,,,,
,,,,
,,,,
,,,,
,,,,
,,,,
,,,,
,,,,
,,,,
,,,,
,,,,
,,,,
,,,,
,,,,
,,,,
,,,,
,,,,
,,,,
,,,,
,,,,
,,,,
,,,,
,,,,
,,,,
,,,,
,,,,
,,,,
,,,,
,,,,
,,,,
,,,,
,,,,
,,,,
,,,,
,,,,
,,,,
,,,,
,,,,
,,,,
,,,,
,,,,
,,,,
,,,,
,,,,
,,,,
,,,,
,,,,
,,,,
,,,,
,,,,
,,,,
,,,,
,,,,
,,,,
,,,,
,,,,
,,,,
,,,,
,,,,
,,,,
,,,,
,,,,
,,,,
,,,,
,,,,
,,,,
,,,,
,,,,
"The Best Android Configuration in its SegmentExperience with One plusOne plus 6 or 5T really confusing . Kind of like both.Best Android PhoneExcellent phone, lacks a good quality speakerOne Plus 6: The Speed You NeedIt's a Perfect Beast Except it's StrengthHaving best experience with this phoneIndeed a flagship killer!Android pie is now available!üòç",SushilKrishna kumar gA.Œ†egivipulSurya SainiMaurice PatelSuman BanerjeeVsNirav PanchalHarman Randhawa,Verified PurchaseVerified PurchaseVerified PurchaseVerified PurchaseVerified PurchaseVerified PurchaseVerified PurchaseVerified PurchaseVerified PurchaseVerified Purchase,4.5 out of 5 stars5.0 out of 5 stars3.0 out of 5 stars5.0 out of 5 stars5.0 out of 5 stars4.0 out of 5 stars5.0 out of 5 stars5.0 out of 5 stars5.0 out of 5 stars5.0 out of 5 stars5.0 out of 5 stars5.0 out of 5 stars5.0 out of 5 stars3.1 out of 5 stars4.0 out of 5 stars4.0 out of 5 stars4.0 out of 5 stars3.7 out of 5 stars,Size: 128 GBColour: Midnight BlackSize: 128 GBColour: Midnight BlackSize: 128 GBColour: Midnight BlackSize: 64 GBColour: Mirror BlackSize: 64 GBColour: Mirror BlackSize: 256GBColour: Midnight BlackSize: 64 GBColour: Mirror BlackSize: 64 GBColour: Mirror BlackSize: 64 GBColour: Mirror BlackSize: 64 GBColour: Mirror Black
opinion,reviewer,verified_buyer,rating,model
,,,,
,,,,
,,,,
,,,,
,,,,
,,,,
,,,,
,,,,
,,,,
,,,,
,,,,
,,,,
,,,,
,,,,
,,,,
,,,,
,,,,
,,,,
,,,,
,,,,
,,,,
,,,,
,,,,
,,,,
,,,,
,,,,
,,,,
,,,,
,,,,
,,,,
,,,,
,,,,
,,,,
,,,,
,,,,
,,,,
,,,,
,,,,
,,,,
,,,,
,,,,
,,,,
,,,,
,,,,
,,,,
,,,,
,,,,
,,,,
,,,,
,,,,
,,,,
,,,,
,,,,
,,,,
,,,,
,,,,
,,,,
,,,,
,,,,
,,,,
,,,,
,,,,
,,,,
,,,,
,,,,
,,,,
,,,,
,,,,
"The Best Android Configuration in its SegmentExperience with One plusOne plus 6 or 5T really confusing . Kind of like both.Best Android PhoneExcellent phone, lacks a good quality speakerOne Plus 6: The Speed You NeedIt's a Perfect Beast Except it's StrengthHaving best experience with this phoneIndeed a flagship killer!Android pie is now available!üòç",SushilKrishna kumar gA.Œ†egivipulSurya SainiMaurice PatelSuman BanerjeeVsNirav PanchalHarman Randhawa,Verified PurchaseVerified PurchaseVerified PurchaseVerified PurchaseVerified PurchaseVerified PurchaseVerified PurchaseVerified PurchaseVerified PurchaseVerified Purchase,4.5 out of 5 stars5.0 out of 5 stars3.0 out of 5 stars5.0 out of 5 stars5.0 out of 5 stars4.0 out of 5 stars5.0 out of 5 stars5.0 out of 5 stars5.0 out of 5 stars5.0 out of 5 stars5.0 out of 5 stars5.0 out of 5 stars5.0 out of 5 stars3.1 out of 5 stars4.0 out of 5 stars4.0 out of 5 stars4.0 out of 5 stars3.7 out of 5 stars,Size: 128 GBColour: Midnight BlackSize: 128 GBColour: Midnight BlackSize: 128 GBColour: Midnight BlackSize: 64 GBColour: Mirror BlackSize: 64 GBColour: Mirror BlackSize: 256GBColour: Midnight BlackSize: 64 GBColour: Mirror BlackSize: 64 GBColour: Mirror BlackSize: 64 GBColour: Mirror BlackSize: 64 GBColour: Mirror Black
